Time Seires,Month 1 ,Month 2 ,Month 3
Exports Account Balance,204.028212,204.029674,195.965246
Income Account Balance,37.803407,35.280108,40.0839
Loan Interest Rates,4.284443,3.910456,4.004899
Loans Account Balance,2550.397529,2533.533842,2673.411908
